Index,Name,Chromosome,Position,GenTrain Score,SNP,ILMN Strand,Customer Strand,NormID
1,exm-IND1-200449980,1,202183358,0.4371,[D/I],MINUS,PLUS,1
2,exm-IND1-201453487,1,203186865,0.8608,[D/I],MINUS,PLUS,1
3,exm-IND1-85310248,1,85537661,0.8410,[I/D],PLUS,PLUS,1
4,exm-IND10-102817747,10,102827758,0.7772,[I/D],PLUS,PLUS,1
5,exm-IND10-18329639,10,18289634,0.7702,[D/I],MINUS,PLUS,1
6,exm-IND10-27476467,10,27436462,0.8190,[D/I],MINUS,PLUS,1
7,exm-IND10-27727540,10,27687535,0.8624,[I/D],MINUS,PLUS,1
8,exm-IND10-74560589,10,74890584,0.8303,[D/I],PLUS,PLUS,1
9,exm-IND11-102094357,11,102589148,0.7586,[D/I],PLUS,PLUS,1
10,exm-IND11-60867390,11,61110815,0.8270,[D/I],MINUS,PLUS,1
11,exm-IND11-73463127,11,73785480,0.7509,[I/D],PLUS,PLUS,1
12,exm-IND12-4584372,12,4714112,0.7300,[I/D],PLUS,PLUS,1
13,exm-IND12-46829523,12,48543257,0.8060,[I/D],MINUS,PLUS,1
14,exm-IND12-49036005,12,50749739,0.8288,[I/D],PLUS,PLUS,1
15,exm-IND12-51232970,12,52946704,0.8509,[D/I],PLUS,PLUS,1
16,exm-IND12-54361914,12,56075648,0.7289,[I/D],MINUS,PLUS,1
17,exm-IND12-67380833,12,69094567,0.8455,[D/I],PLUS,PLUS,1
18,exm-IND12-83947680,12,85423550,0.8370,[I/D],MINUS,PLUS,1
19,exm-IND12-8887191,12,8995925,0.8624,[D/I],MINUS,PLUS,1
